formula,formation energy,Mpid,SpaceGroup
Sc(H2PO4)3,-2.29,mp-696457,R3c
Mg2Mo3O8,-2.29,mp-19139,P63mc
Rb2TbO3,-2.29,mp-13735,Cmc2_1
Rb2PuCl6,-2.29,mp-29336,P63mc
LiSc(Mo3O8),-2.3,mp-19433,P3m1
KLi(SO4),-2.31,mp-6800,P31c
Na15(SO4)5F4Cl,-2.34,mp-554285,P31m
Ba3CuSb2O9,-2.34,mp-17145,P63mc
Na(V2O5),-2.34,mp-1180149,Pmn2_1
Na21(SO4)7F6Cl,-2.36,mp-680169,P31m
Cs3(Mo5P7O24),-2.36,mp-572886,P31c
KSn4(PO4)3,-2.37,mp-6755,R3c
LiY(Mo3O8),-2.38,mp-19431,P3m1
Pb(V6O11),-2.39,mp-619128,P6₃mc
V6O13,-2.39,mp-1196958,P1c1
Mn2(PO4)Cl,-2.4,mp-558402,Pna2_1
K3(V5O14),-2.41,mp-27704,P31m
Ba3NiSb2O9,-2.41,mp-18611,P63mc
Na(V2O5),-2.41,mp-760908,Pnma
Mn6(PO4)4(H2O),-2.41,mp-859125,C1C1
P2O5,-2.43,mp-2173,Pnma
Ga3PO7,-2.43,mp-3107,R3m
Zn2(VO)(PO4)2,-2.44,mp-556898,I4cm
Rb2(VO)(V2O7),-2.45,mp-510519,P4bm
K2V3O8,-2.45,mp-16787,P4bm
Cs3(Mo5P6O25),-2.46,mp-560938,P31c
CaHClO,-2.46,mp-642725,P63mc
Cd2(Nb2O7),-2.47,mp-560530,Ima2
BaYFeCuO5,-2.47,mp-505589,P4mm
BaMnO3,-2.48,mp-19267,P6₃cm
Na2Al2Si3O10(H2O)3,-2.48,mp-1199031,C1C1
LuBaCuFeO5,-2.49,mp-611378,P4mm
Zn(PO3)2,-2.49,mp-558930,C1c1
VPO5,-2.5,mp-1046704,C1c1
PO(OPF2)3,-2.51,mp-565711,P3c1
Fe3(ClB7O13),-2.52,mp-556300,R3c
Ag2(Nb4O11),-2.53,mp-984755,R3c
In(PO3)3,-2.55,mp-14535,C1c1
Ba5Re3NO18,-2.56,mp-555095,P6₃cm
La4NS3Cl3,-2.56,mp-559256,P6₃mc
Zn3(B7O13)Cl,-2.57,mp-23609,R3c
Ba(MoO)2O(P2O7)(PO4),-2.57,mp-555195,C1c1
Mg3(Si2O5)(OH)4,-2.59,mp-24097,P6₃cm
Mg(VO3),-2.59,mp-1079330,Cmc2_1
Sr(V6O11),-2.59,mp-16974,P6₃mc
Mg3Si2O5(OH)4,-2.59,mp-24097,P6₃mc
Mg(VO3),-2.59,mp-1079330,Cmc2_1
LiKZn(P2O7),-2.6,mp-554164,Pmc2_1
Na2(VP2O8),-2.6,mp-19329,P4bm
K2Zn(PO3)4,-2.6,mp-1019791,C1c1
Al2Si2O5(OH)4,-2.61,mp-1198588,C1c1
LiKZn(P2O7),-2.61,mp-554164,Pmc2_1
Al2(Si2O5(OH)4),-2.61,mp-721216,C1c1
KBa3Ca4Cu3V7O28,-2.62,mp-557801,P6₃mc
Ca(Al2Si3O10)(H2O)3,-2.63,mp-707746,C1c1
Gd2(MoO4)3,-2.64,mp-3572,Pba2
Sr18Ca3Cr14O56,-2.65,mp-1219532,R3
VOPO4,-2.65,mp-25265,Pnma
La4Cu3MoO12,-2.68,mp-1203941,P1m1
NaSc(HPO4)2,-2.68,mp-779682,C1C1
Zr(HPO4)2,-2.69,mp-707540,I4₁cd
Na3La(VO4)2,-2.69,mp-558512,Pca2_1
TlNbB2O6,-2.69,mp-559057,Pna2_1
Ca3(AsO4)2,-2.7,mp-530449,R3
U(TeO5),-2.7,mp-1193709,Pca2_1
NaBe4SbO7,-2.71,mp-8075,P6₃mc
Na2(NiFeF7),-2.71,mp-561395,Imm2
Pb(TiO3),-2.73,mp-20459,P4mm
Ba2(CrO4),-2.73,mp-561426,Pna2_1
Pb(Nb2O6),-2.74,mp-1221063,P1m1
LiFe2F6,-2.76,mp-557403,P4₂nm
ScBiO3,-2.78,mp-756205,Pnma
BaCs4(PO3)6,-2.78,mp-560944,P31c
Ba5Li2(WO5)3,-2.78,mp-557816,P6₃mc
Ba5Re3ClO15,-2.79,mp-556647,P6₃mc
K2(FeF5),-2.8,mp-554621,Pna2_1
Li2(B4O7),-2.81,mp-4779,I4₁cd
Li(B3O5),-2.81,mp-3660,Pna2_1
Cs2Mg2(P6O18),-2.81,mp-1229321,P1c1
Pb5Ga3F19,-2.82,mp-556117,I4cm
NdBaCuO2(BO3),-2.84,mp-10350,P4bm
Na(NbO3),-2.84,mp-4514,R3c
KMn2Zn3(Si2O5)6,-2.84,mp-704116,P6cc
Sr4(Ga2O7),-2.85,mp-1204230,P1c1
LaBaCuO2(BO3),-2.86,mp-14970,P4bm
K(NbO3),-2.86,mp-4342,P4mm
BaCuSi2O6,-2.87,mp-1197716,I4₁cd
K3(B2Nb3O12),-2.88,mp-558828,P31m
Li2(SiO3),-2.88,mp-5012,Cmc2_1
NaFe3B3Al6Si6O27(OH)3F,-2.89,mp-863003,R3m
Sr3Ce(PO4)(CO3)3,-2.89,mp-561145,R3m
Tm(FeO3),-2.89,mp-558400,P6₃cm
K2(MnF6),-2.89,mp-560127,P6₃mc
KBePO4,-2.89,mp-7324,Pna2_1
Li(NbO3),-2.9,mp-3731,R3c
Rb2MnF6,-2.9,mp-558133,P6₃mc
Ca4Cl6O,-2.9,mp-23326,P6₃mc
Mg2(PO4)Cl,-2.9,mp-555396,Pna2_1
Na2(Nb4O11),-2.91,mp-1202153,C1c1
Mn(TiO3),-2.92,mp-19376,R3c
Ce3OCl(AsO3)2,-2.93,mp-1200622,P4₂nm
La8Ru4O21,-2.95,mp-559854,P6₃cm
Ca(PO3)2,-2.96,mp-561008,C1c1
Sc(PO3)3,-2.97,mp-556281,C1c1
YInO3,-2.98,mp-504607,P6₃cm
Sc(MnO3),-2.98,mp-18954,P6₃cm
Rb2(Be2Si2O7),-2.98,mp-557027,Pnn2
Ba4Cl6O,-2.99,mp-23063,P6₃mc
KNa2LiFe2Ti2(SiO3)8,-3,mp-510635,C1c1
Y(PO3)3,-3.01,mp-1020797,C1c1
Dy(PO3)3,-3.01,mp-557730,C1c1
Lu(PO3)3,-3.03,mp-557040,C1c1
Ta3O6N,-3.03,mp-1193678,C1m1
Lu(PO3)3,-3.03,mp-557040,C1c1
Rb2GeF6,-3.04,mp-13954,P6₃mc
K2GeF6,-3.04,mp-7825,P3m1
Y(MnO3),-3.04,mp-19385,P6₃cm
Ho(MnO3),-3.07,mp-19056,P6₃cm
Ba2Mn(Si2O7)Cl,-3.08,mp-558848,P4bm
Er(MnO3),-3.08,mp-19217,P6₃cm
La(GaO3),-3.09,mp-1078871,R3c
Ba(B2O4),-3.1,mp-5730,R3c
BeO,-3.1,mp-2542,P6₃mc
Tm(MnO3),-3.1,mp-554211,P6₃cm
K2(NbO)2(Si4O12),-3.11,mp-560407,P4bm
LiCa(PO4),-3.11,mp-16804,P31c
LuMnO3,-3.11,mp-18808,P6₃cm
Al(PO4),-3.11,mp-545974,P6₃cm
Lu(MnO3),-3.11,mp-18808,P6₃cm
Ba2Na(Nb5O15),-3.12,mp-15983,P4bm
LaCaGaO4,-3.12,mp-1227061,I4mm
Na4Zr2(SiO4)3,-3.12,mp-555472,R3c
Zr4O5N2,-3.13,mp-758272,I4cm
Li(TaO3),-3.13,mp-3666,R3c
LiMn(VF6),-3.14,mp-1188440,P4₂nm
YGaO3,-3.14,mp-17853,P6₃cm
Ca9Fe(PO4)7,-3.17,mp-554104,R3c
KAl(SiO4),-3.19,mp-9480,P31c
Rb(AlSiO4),-3.19,mp-6434,Pna2_1
Rb2(TiSi6O15),-3.19,mp-18582,C1c1
K2(TiSi6O15),-3.19,mp-17617,C1c1
Pb5(AlF6)3F,-3.21,mp-541732,I4cm
Ba2(VO)(Si2O7),-3.21,mp-19179,P4bm
Ba4LiNb3O12,-3.21,mp-18274,P6₃mc
Ba3(BO3)(PO4),-3.21,mp-554479,P6₃mc
Ca9In(PO4)7,-3.23,mp-555661,R3c
Ba6(Ti2Nb8O30),-3.27,mp-1228388,P1c1
Ba3Sc(BO3)3,-3.28,mp-14972,P6₃mc
Sr2(Nb2O7),-3.3,mp-15590,Pna2_1
Ba3Y(BO3)3,-3.3,mp-6310,P6₃cm
Ca2(Nb2O7),-3.3,mp-560040,Pna2_1
Ba3Ho(BO3)3,-3.31,mp-14384,P6₃cm
BaMg(BO3)F,-3.32,mp-1198065,C1c1
MgBeAl4O8,-3.32,mp-554364,P6₃mc
Ba3Tm(BO3)3,-3.32,mp-14385,P6₃cm
Ba3Lu(BO3)3,-3.32,mp-14386,P6₃cm
BaMg(BO3)F,-3.32,mp-1198065,C1C1
LiUO3,-3.35,mp-8007,R3c
Mg3BeAl8O16,-3.35,mp-554018,P6₃mc
Rb5(Nb3OF18),-3.37,mp-540995,I4cm
Ba4LiTa3O12,-3.37,mp-16792,P6₃mc
Er2Sr3(BO3)4,-3.37,mp-13960,Pna2_1
LaCa4O(BO3)3,-3.38,mp-6076,C1m1
Ca3(SiO4)O,-3.38,mp-37657,P6₃mc
Sr2(TiO)(Si2O7),-3.43,mp-1192641,P4bm
Ca3La3(BO3)5,-3.43,mp-6709,P6₃mc
K2(SiF6),-3.43,mp-13002,P6₃mc
Ca3La3(BO3)5,-3.43,mp-6709,P6₃mc
Ba2(TiO)(Si2O7),-3.44,mp-6081,P4bm
K2Li(AlF6),-3.47,mp-556996,P3M1
Ba(TiO3),-3.49,mp-5020,R3m
Ba3Sr4(BO3)3F5,-3.51,mp-1182538,P6₃mc
UOF4,-3.66,mp-559734,R3m
CsTi8F33,-3.7,mp-1197107,P31c
UF3,-3.74,mp-18299,P6₃cm
Sr(HfO3),-3.78,mp-3378,Pnma
La2(Ti2O7),-3.78,mp-12192,Pna2_1
PrZr3F15,-4.11,mp-28781,R3m
LaF3,-4.49,mp-334,P6₃cm
CdInGaS4,-2.201,mp-630773,P3m1
H2SO4(H2O)8,-1.35,mp-31373,C1C1
NaAg(S2O3)(H2O),-1.36,mp-1196131,P1c1
(C(NH2)3)Al(SO4)2(H2O)6,-1.36,mp-721813,P31m
CdO,-1.36,mp-13119,P6₃mc
K2H(IO3)2Cl,-1.36,mp-733853,Pca2_1
BN,-1.37,mp-2653,P6₃mc
Cu(SO4)(H2O)3,-1.38,mp-707170,C1C1
Rb(IO3),-1.38,mp-27193,R3m
TaS2,-1.38,mp-10014,R3m
K(IO3),-1.38,mp-552729,R3m
Rb2Nd(NO3)5(H2O)4,-1.39,mp-1205029,C1c1
Rb2Pr(NO3)5(H2O)4,-1.39,mp-1202266,C1c1
In2(Se2O5)3,-1.39,mp-30325,P1c1
Cs6Fe2O5,-1.4,mp-1105876,C1m1
Na2(CO3)(H2O)10,-1.4,mp-699482,C1c1
ZrN,-1.41,mp-13126,P6₃mc
Cd(OH)Cl,-1.42,mp-644222,P6₃mc
CrO(OH)(H2O)2,-1.43,mp-1226463,P1m1
K(NO3),-1.43,mp-6920,R3m
EuY(Si4N7),-1.43,mp-22517,P6₃mc
CrO(OH)(H2O)2,-1.43,mp-1226463,P1m1
((Nb3SBr3)Br4),-1.44,mp-29057,P3m1
BaY(Si4N7),-1.44,mp-11670,P6₃mc
Ce3(Si6N11),-1.45,mp-541712,P4bm
SrY(Si4N7),-1.45,mp-6606,P6₃mc
Ga2(SeO3)3(H2O)3,-1.46,mp-542464,R3c
(Mg(H2O)6)2(MnCl6),-1.46,mp-729389,P31c
CsCuCl3,-1.46,mp-567366,P6₃mc
NaYI4O12,-1.46,mp-581868,C1c1
Bi(CoO3),-1.47,mp-545522,P4mm
NH4(F(HF)3),-1.47,mp-28123,R3c
TbSe,-1.47,mp-10645,P6₃mc
Cu3(OH)2(V2O7)(H2O)2,-1.48,mp-1204591,C1c1
Pr3(Si6N11),-1.48,mp-16929,P4bm
In2Cu2O5,-1.48,mp-21617,Pna2_1
Pr(BN2),-1.49,mp-9028,R3c
ZnO,-1.49,mp-2133,P6₃mc
LiNiO2,-1.5,mp-25411,R3m
Sm3(Si6N11),-1.5,mp-16995,P4bm
Cs(GeBr3),-1.5,mp-642739,C1m1
PdF4,-1.5,mp-663300,C1c1
LaN,-1.5,mp-567290,P6₃mc
PdF4,-1.5,mp-663300,C1c1
La(IO3)3,-1.51,mp-566599,C1c1
NaK(TeO3)(H2O)3,-1.51,mp-1192905,P31c
SmSe,-1.51,mp-10643,P6₃mc
DySe,-1.51,mp-7132,P6₃mc
CsLi3I4,-1.51,mp-1184020,P1m1
Rb4(CO4),-1.51,mp-551267,C1m1
La(IO3)3,-1.51,mp-566599,C1c1
(NH4)2(VO)(V2O7),-1.52,mp-765962,P4bm
RbTiS2,-1.52,mp-16318,R3m
Hg4OF6,-1.52,mp-31132,P6₃mc
NaZn(OH)3,-1.53,mp-695960,P4₂bc
CuScS2,-1.53,mp-6980,P3m1
KNiCl3,-1.53,mp-27366,P6₃cm
Na2(HPO3)(H2O)5,-1.54,mp-720570,Pmn2_1
FeO(OH),-1.54,mp-510670,Pmn2_1
Cs2PbO3,-1.54,mp-21521,Cmc2_1
Rb4(CO4),-1.55,mp-551437,C1m1
SrK(AsO4)(H2O)8,-1.55,mp-703559,I4₁md
Al2(SeO3)3(H2O)6,-1.55,mp-740731,P31c
Na6ZnO4,-1.55,mp-7664,P6₃mc
Rb2(PbO3),-1.55,mp-21489,Cmc2_1
Na4(CO4),-1.56,mp-645295,C1m1
ZnCl2,-1.56,mp-22889,Pna2_1
Na4(CO4),-1.56,mp-645295,C1m1
Na2MnO4,-1.57,mp-28186,P6₃mc
Li3VO4(H2O)8,-1.58,mp-1198234,P1c1
AlN,-1.58,mp-661,P6₃mc
RbMnBr3,-1.58,mp-568231,P6₃cm
AlN,-1.58,mp-661,P6₃mc
POCl3,-1.58,mp-27277,Pna2_1
K6MgO4,-1.59,mp-12171,P6₃mc
La2Fe2S5,-1.59,mp-2995,Cmc2_1
RbVBr3,-1.6,mp-29314,P6₃cm
(NH4)(BAsO4F),-1.61,mp-1191775,C1c1
Cu2Pb5(SO4)3CO3(OH)6,-1.62,mp-1202476,Pmn2_1
(NH4)2(VO)(P2O7),-1.63,mp-765665,P4bm
K17Fe5O16,-1.63,mp-558482,C1m1
K4(CO4),-1.64,mp-605843,C1m1
Te2O3(SO4),-1.64,mp-4906,Pmn2_1
Bi(FeO3),-1.65,mp-1069079,P4mm
Er6(Si11N20O),-1.65,mp-1225896,P31c
Co2Mo3O8,-1.66,mp-17824,P6₃mc
Na3Li(MoO4)2(H2O)6,-1.67,mp-735483,R3c
InBaCo4O7,-1.67,mp-22402,P6₃mc
Ba(VS3),-1.67,mp-3451,Cmc2_1
BiFeO3,-1.68,mp-23501,R3c
Fe2Mo3O8,-1.68,mp-504974,P6₃mc
Ba(FeO3),-1.69,mp-705845,R3m
Co2Mn3O8,-1.69,mp-504423,Pmn2_1
Cs(GeCl3),-1.71,mp-22988,R3m
Mn(NH4)Na(P2O7)(H2O)3,-1.72,mp-757398,C1c1
Mn2Mo3O8,-1.74,mp-504503,P6₃mc
CsCrCl3,-1.75,mp-610955,P6₃mc
K2Cr4O13,-1.76,mp-542693,P1c1
Cs(HSO3),-1.76,mp-1018678,R3m
PbFe3(SO4)(PO4)(OH)6,-1.76,mp-735523,R3m
K2(CoCl4),-1.76,mp-23515,Pna2_1
PtGeSe,-1.76,mp-20817,Pna2_1
CuReO4,-1.77,mp-645206,C1c1
Li(N2H5)(BeF4),-1.77,mp-721303,Pna2_1
Ba3CrS5,-1.78,mp-30903,P6₃mc
(H3O)2V3O8,-1.79,mp-627291,P1c1
Cu2(V2O7),-1.8,mp-505508,Fdd2
CsAl(H2AsO4)2(HAsO4),-1.81,mp-1201174,C1c1
Sb6O7(SO4)2,-1.81,mp-27229,Ccc2
BiMnO3,-1.81,mp-1106239,C1c1
CsAl(H2AsO4)2(HAsO4),-1.81,mp-1201174,C1c1
BaNiO3,-1.82,mp-19241,P6₃mc
Sb(SbO4),-1.84,mp-704327,Pnma
Pb3Mn7O15,-1.84,mp-704327,Pnma
CsMnCl3,-1.86,mp-23336,R3m
Zn2Mo3O8,-1.86,mp-19216,P6₃mc
(V(H2O)3F3),-1.89,mp-1187773,R3m
(UO2SO4)2(H2O)7,-1.9,mp-706594,Pca2_1
Na(H2PO4)(H2O),-1.91,mp-554288,Pca2_1
LiInMo3O8,-1.92,mp-22805,P3m1
Sb2Mo10O31,-1.92,mp-608522,Pma2
Li2Fe3SbO8,-1.93,mp-771712,P6₃mc
Li8CoO6,-1.94,mp-27920,P6₃mc
Mo17O47,-1.94,mp-285,Pba2
Bi(Mn7O12),-1.94,mp-1188529,C1m1
PbCo2(V2O8),-1.95,mp-1203643,I4₁cd
BaTiS3,-1.95,mp-7073,P6₃/mmc
Sn6O4(SiO4),-1.95,mp-556100,P6₃mc
(AlPO4)3((CH3)2CONH)(H2O),-1.95,mp-699455,C1c1
Li(H2PO3),-1.96,mp-23931,Pna2_1
Rb(HSO4),-1.96,mp-1197989,P1c1
CrO(OH),-1.97,mp-24040,Pmn2_1
RbCS(OF)3,-2,mp-672209,C1m1
Fe3(PO4)O3,-2,mp-18775,R3m
Na2In2(Mo3O8)(MoO4)2,-2,mp-1221585,P3m1
K2(ZnCl4),-2,mp-647575,Pna2_1
RbSO3CF3,-2,mp-672209,C1m1
Er3GaS6,-2.02,mp-7290,Cmc2_1
Li4(CO4),-2.04,mp-555320,Cmc2_1
ZrCl2,-2.05,mp-23162,R3m
YBaCo4O7,-2.05,mp-19151,P6₃mc
Tl4Ni7(PO4)6,-2.05,mp-560035,C1m1
HoBaCo4O7,-2.06,mp-17703,P6₃mc
Cd4BiO(BO3)3,-2.07,mp-1189868,C1m1
Fe2BO4,-2.07,mp-566717,P1c1
CdCl2KClRb3Cl3,-2.07,mp-570158,R3c
DyBaCo4O7,-2.07,mp-18804,P6₃mc
Fe2O(BO3),-2.07,mp-566717,P1c1
LuBaCo4O7,-2.08,mp-16868,P6₃mc
Cs2(S2O6),-2.08,mp-561681,P6₃mc
Ca(HPO4)(H2O)2,-2.08,mp-24389,C1c1
Co3(BPO7),-2.08,mp-562300,C1m1
RbLi(CrO4),-2.09,mp-18741,P31c
Li(ReO3),-2.11,mp-8189,R3c
Li4(CO4),-2.12,mp-549389,C1m1
PbVO3,-2.12,mp-20032,P4mm
Pb(VO3),-2.12,mp-20032,P4mm
K6BiH3(Cl2F)4,-2.12,mp-696998,P6₃mc
Li4(CO4),-2.12,mp-1180596,C1m1
Au3F7(SbF5)3,-2.12,mp-554764,P1c1
Na2(GeO3),-2.14,mp-5784,Cmc2_1
Cu6La4(MoO4)9,-2.16,mp-558757,R3c
CaZnOS,-2.17,mp-7204,P6₃mc
Cs2PrO3,-2.18,mp-7646,Cmc2_1
Cs3Li2Cl5,-2.19,mp-570756,C1m1
Bi2ZnTiO6,-2.2,mp-1084840,C1m1
Ba5(OsO5)3(NO3),-2.2,mp-628618,P6₃cm
Mn13Sb(Si2O24),-2.22,mp-557740,P31m
Ir(PO3)3,-2.23,mp-554749,C1c1
KNa(SO4),-2.23,mp-558632,P3m1
(SbV)O4,-2.24,mp-29146,I4₁md
ScZnMo3O8,-2.24,mp-18282,P6₃mc
BaBi2O2Br2,-2.25,mp-1227974,I4mm
SrNi2(VO4)2,-2.26,mp-541734,I4₁cd
Sr(Co2V2O8),-2.26,mp-1195702,I4₁cd
LiNa(SO4),-2.26,mp-6783,P31c
(PbF2)4(PbI2),-2.26,mp-540938,R3m
LiNa(SO4),-2.26,mp-6783,P31c
FeCo(PO4)F,-2.27,mp-572292,C1c1
(Na(H2O))2(B5O8(OH)),-2.28,mp-720593,Pna2_1
SrCu2(BO3)2,-2.29,mp-6602,I4̅2m
BaB2O4,-3.105,mp-5730,R3c
LiB3O5,-2.819,mp-3660,Pna2_1
CsLiB6O10,-2.85,mp-5990,I-42d
CsB3O5,-2.82,mp-3977,P2_12_12_1
KBe2BO3F2,-3.186,mp-6870,R32
Sr2Be2B2O7,-3.179,mp-556498,P-6c2
RbBe2BO3F2,-3.185,mp-7323,R32
CsBe2BO3F2,-3.179,mp-553342,R32
KSrCO3F,-2.796,mp-865427,P-6m2
NaCaBe2B2O6F,-3.102,mp-1193627,Cc
NaSr3Be3B3O9F4,-3.299,mp-1192032,R3m
BaAlBO3F2,-3.556,mp-558491,P-6
K3Ba3Li2Al4B6O20F ,-3.083,mp-1195057,P-62c
BaZnBO3F,-2.943,mp-1077866,P-6
KCaCO3F,-2.806,mp-6867,P-6m2
Li2Ga2GeS6,-1.163,mp-554782,Fdd2
LiGaGe2Se6,-0.509,mp-1222398,Cc
Li2In2GeSe6,-0.688,mp-1191200,Cc
Li2In2SiSe6,-0.749,mp-1191817,Cc
KZn2BO3Cl2,-2.215,mp-1078186,R32
BiB2O4F,-2.63,mp-558753,P3_2
LiB6O9F,-2.876,mp-558105,Pna2_1
Li2B6O9F2,-2.91,mp-1200209,Cc
Li2B3O4F3,-3.016,mp-1196457,P2_12_12_1
NaBe2BO3F2,-3.133,mp-556865,C2
Ba3Mg3(BO3)3F3,-3.32,mp-1198065,Pna2_1
(NH4)2PO3F,-1.429,mp-24157,Pna2_1
(C(NH2)3)2PO3F,-1.014,mp-698449,Cm
Na3NbOF6,-3.199,mp-561259,P2_12_12_1
K3Ti(O2)2F3,-2.443,mp-6305,Cmcm
K2TiOF4,-3.436,mp-556623,Pna2_1
Ba2TiOF6,-4.009,mp-561256,Cc
Li2Ta2O3F6,-3.494,mp-561011,P3_121
Ba2MoO3F4,-3.317,mp-1214599,Cc
Ba2WO3F4 ,-3.363,mp-19234,Cc
Pb5W3O9F10,-2.324,mp-1221334,P1
RbSbSO4F2,-2.376,mp-554732,Pna2_1
CsSbSO4F2,-2.377,mp-1213195,Pna2_1
LiGaS2,-1.358,mp-3647,Pna2_1
LiGaSe2,-0.911,mp-11582,Pna2_1
LiGaTe2,-0.628,mp-5048,I-42d
LiInTe2,-0.628,mp-20782,I-42d
LiInS2,-1.265,mp-1188392,Pna2_1
Li2ZrTeO6,-2.506,mp-6782,R3
La3SnGa5O14,-2.842,mp-6788,P321
K2Sr(PO3)4,-2.85,mp-558990,I-4
KLa(PO3)4,-2.942,mp-540962,P2_1
CsLa(PO3)4,-2.951,mp-559234,P2_1
KBa2(PO3)5,-2.928,mp-560320,Pc
Ba3P3O10Cl,-3.148,mp-1194911,Pca2_1
Ba3P3O10Br,-3.078,mp-1194785,P2_12_12_1
LiPbPO4,-2.511,mp-22694,Pna2_1
Rb3Al2(PO4)3,-2.942,mp-560459,Cmc2_1
K3Al2(PO4)3,-2.95,mp-560629,Pna2_1
LiK3P2O7,-2.685,mp-1019794,C222_1
LiNa3P2O7,-2.655,mp-1020164,C222_1
LiCsP2O6,-2.716,mp-560667,Fdd2
BaNa(PO3)3,-2.882,mp-13755,P2_12_12_1
Rb2Na(NO3)3,-1.486,mp-1020630,Pmc2_1
Pb2(SeO3)(NO3)2,-1.277,mp-1192446,Pmn2_1
BaMnSnS4,-1.045,mp-540651,Fdd2
BaZnSnS4,-1.425,mp-13593,Fdd2
BaCdGeS4,-1.374,mp-13831,Fdd2
BaCdSnS4,-1.383,mp-12306,Fdd2
BaGa2SiS6,-1.428,mp-1227993,P1
BaGa2GeS6,-1.323,mp-1227983,P1
BaGa2SiSe6,-0.887,mp-1227978,P1
BaGa2GeSe6,-0.829,mp-1227970,P1
SrCu2GeS4,-1.125,mp-18685,P3_221
SrCu2SnS4,-1.108,mp-16988,P3_121
SrCu2GeSe4,-0.694,mp-16179,Ama2
BaCu2GeS4,-1.139,mp-17947,P3_121
BaCu2GeSe4,-0.717,mp-17252,P3_121
BaCu2SnSe4,-0.742,mp-12364,Ama2
BaAg2GeS4,-1.102,mp-7394,I-42m
BaAg2SnS4,-1.096,mp-555166,I222
BaAg2GeSe4,-0.716,mp-569790,I222
BaAg2SnSe4,-0.736,mp-569114,I222
EuLi2GeS4,-1.555,mp-629443,I-42m
PbLi2GeS4,-1.143,mp-19896,I-42m
K2Bi2(SO4)2Cl4,-2.009,mp-23645,P2_12_12_1
Sb6O7(SO4)2,-1.881,mp-27229,Ccc2
Sn2P2S6,-0.75,mp-13923,Pc
LiZnPS4,-1.039,mp-11175,I-4
AgZnPS4,-0.739,mp-558807,Pna2_1
Zn3P2S8,-0.866,mp-30311,P-4n2
InPS4,-0.802,mp-20790,I-4
K2P2Se6,-0.519,mp-571452,P3_121
Rb2P2Se6,-0.522,mp-571464,P3_121
KZrPSe6,-0.601,mp-639149,Pmc2_1
KPSe6,-0.331,mp-18625,Pca2_1
RbPSe6,-0.341,mp-17945,Pca2_1
KNb2PSe10,-0.571,mp-1195772,Pc
RbNb2PSe10,-0.58,mp-1192452,Pc
CsNb2PSe10,-0.591,mp-1195822,Pc
K4GeP4Se12,-0.527,mp-1195433,Pca2_1
Rb4GeP4Se12,-0.537,mp-1195251,Pca2_1
Cs4GeP4Se12,-0.558,mp-1195417,Pca2_1
Cs2Ba3(P2O7)2,-3.054,mp-1019605,P2_12_12_1
Li3AlSiO5,-2.983,mp-1020023,Pna2_1
Li2SiO3,-2.891,mp-5012,Ccm2_1
Na(GeP)3,-0.174,mp-1104707,Pmc2_1
Ca2CdP2,-0.907,mp-1078908,Pmc2_1
BaGe2P2,-0.506,mp-27809,P4_2mc
BaGe2As2,-0.504,mp-27810,P4_2mc
LaSiP3,-0.723,mp-1232374,Pna2_1
LaSi2P6,-0.465,mp-29186,Cmc2_1
MgSiAs2,-0.312,mp-1016197,I-42d
MnSiP2,-0.101,mp-1207203,I-42d
RuSi4P4,-0.359,mp-14983,P1
La4InSbS9,-2.006,mp-1196663,P4_12_12
Eu2Ga2GeS7 ,-0.713,mp-1192354,P-42_1m
Dy3GaS6,-2.13,mp-1189242,Cmc2_1
Ba6Sn6Se13,-1.227,mp-1196224,P2_12_12_1
BaHgS2,-1.487,mp-28007,Pmc2_1
BaGa4S7 ,-1.353,mp-4309,Pmn2_1
BaGa4Se7,-0.871,mp-1191072,Pc
BaAl4Se7 ,-1.095,mp-1191234,Pc
Ba5In4Te4S7,-1.51,mp-1105201,Imm2
Ba2BiInS5 ,-1.611,mp-864638,Cmc2_1
Ba2BiInSe5,-1.209,mp-1105202,Cmc2_1
Na2ZnGe2S6,-1.073,mp-1190399,Cc
Li2CdGeS4,-1.187,mp-1189383,Pmn2_1
KCd4Ga5S12,-1.101,mp-1223535,P1
Li2In2SiS6,-1.221,mp-1191903,Cc
Na2In2SiS6,-1.206,mp-1190138,Cc
Na4MgSi2Se6,-0.959,mp-1103351,C2
LiAsS2,-0.939,mp-555874,Cc
Rb3Ta2AsS11,-1.27,mp-1209358,Cc
SnGa2GeS6,-0.86,mp-1194838,Fdd2
CdCu2SnS4,-0.745,mp-1078292,I-42m
NaBa4Ge3S10Cl,-1.689,mp-1201802,P6_3
SbF3 ,-2.709,mp-1880,Ama2
NaSb3F10,-2.776,mp-27573,P6_3
Cs2Hg3I8,-0.717,mp-540574,Cm
HgBr2,-0.431,mp-571558,P3
Rb2CdBr2I2,-1.284,mp-1103709,Ama2
Zn(IO3)2,-1.067,mp-23360,P2_1
NaI3O8,-1.029,mp-559065,P-4
RbIO3,-1.382,mp-27193,R3m
BPO4,-2.775,mp-3589,I-4
LiBO2,-2.738,mp-14232,I-42d
SrB4O7,-3.026,mp-5540,Pmn2_1
BHO2,-2.299,mp-721851,P-43n
B2S2O9,-2.202,mp-1019509,C2
LiB(SO4)2,-2.242,mp-1020106,Pc
CaB4O7,-3.004,mp-11000,Pmn2_1
LiB3O5,-2.819,mp-3660,Pna2_1
Li3B5(HO5)2,-2.599,mp-707105,P4_12_12
Li3B5(HO5)2,-2.6,mp-1199091,P4_32_12
BPH4NO4F,-1.982,mp-1195775,P2_13
B(HO)3,-1.925,mp-759069,P3_2
YB6(HO4)3,-2.728,mp-1178731,R3c
Li2B4O7,-2.813,mp-4779,I4_1cd
Cs2Sr2Li3B3(PO4)6,-2.917,mp-1019609,P2_13
NaLiB4O7,-2.79,mp-553926,Fdd2
Mg3B7ClO13,-2.918,mp-23617,F-43c
CaB3HO6,-2.848,mp-1194867,Pna2_1
NaB5(H2O5)2,-2.406,mp-721294,P2_1/c
RbB5(H2O3)4,-1.138,mp-721194,Aea2
LiB(S2O7)2,-2.056,mp-1020060,P2_12_12_1
BaBPO5,-3.127,mp-15840,P3_121
NaB(HO)4,-1.884,mp-707419,P2_1/c
SrLi(B3O5)3,-2.938,mp-18495,R3c
B5H12NO12,-1.913,mp-703444,Aea2
Mg3B7ClO13,-2.916,mp-23087,Pca2_1
Al4(B2O5)3,-3.093,mp-31408,R3
Sr3B6O11F2,-3.239,mp-1202821,P2_1
BaBPO5,-3.127,mp-6040,P3_221
NaSiBO4,-2.925,mp-556740,P6_3
CsB9O14,-2.839,mp-680683,P222_1
YBe2B5O11,-3.102,mp-1020740,Pna2_1
BaLi(B3O5)3,-2.952,mp-17672,R3c
Ba2B6H4O13,-2.663,mp-1199077,P2_1
SrBPO5,-3.131,mp-6486,P3_121
CaB8H4O15,-2.633,mp-23701,P2_1
Ca(BO2)2,-3.121,mp-556826,Pna2_1
MgB2H6O7,-2.057,mp-706910,P4_2/n
Sr2B5ClO9,-3.079,mp-557330,Pnn2
Na2B4O7,-2.735,mp-1020142,P3_221
NaBe(BO2)3,-2.852,mp-1020624,Pna2_1
KSi2BO6,-3.064,mp-1019889,P2_12_12_1
Ca2B5BrO9,-2.985,mp-554056,Pnn2
Na5B(SO4)4,-2.291,mp-1020599,P2_12_12_1
Ca2SiB2O7,-3.258,mp-752851,P-42_1m
Ba3B6O11F2,-3.218,mp-1195844,P2_1
SrB4O7,-3.024,mp-1020670,P3
Na5B(SO4)4,-2.292,mp-1197581,Pca2_1
BaNa(B3O5)3,-2.944,mp-17864,R3c
RbB3O5,-2.814,mp-29756,P2_12_12_1
Ba2B5ClO9,-3.064,mp-555742,Pnn2
BAsO4,-2.143,mp-3277,I-4
Mg5B3O9F,-3.094,mp-560026,Pnma
Na3B6ClO10,-2.723,mp-1195615,P2_12_12_1
K3B6ClO10,-2.766,mp-1189091,R3m
CaBPO5,-3.097,mp-6667,P3_121
K3B6BrO10,-2.72,mp-23612,R3m
RbNa2B6ClO10,-2.738,mp-1194580,P2_12_12_1
KLiB4O7,-2.809,mp-6648,P2_12_12_1
Na5B2P3O13,-2.698,mp-557836,P2_1
K5B(SO4)4,-2.347,mp-1019797,P4_1
Cs2Li3B3P6(PbO12)2,-2.698,mp-1196318,P2_13
LiGeBO4,-2.504,mp-8873,I-4
Ca2B2O5,-3.253,mp-1019560,P2_12_12_1
KBe2B3O7,-2.902,mp-1019809,Pmn2_1
RbLiB4O7,-2.805,mp-6787,P2_12_12_1
CsGeB3O7,-2.657,mp-558804,Pna2_1
Na2B5H5O11,-2.321,mp-720593,Pna2_1
RbGeB3O7,-2.652,mp-1199892,Pna2_1
Rb2GaB5(H4O7)2,-2.191,mp-1201112,C222_1
Al5BO9,-3.376,mp-3281,Cmc2_1
BAsH4NO4F,-1.673,mp-1191775,Cc
RbBe2B3O7,-2.899,mp-1020621,Pmn2_1
Sr6B(PO4)5,-3.26,mp-6044,I-4c2
K6Al4Si6BH4ClO24,-2.889,mp-1199737,P-42_1c
CaAlBO4,-3.332,mp-559759,Ccc2
CsLi(B3O5)2,-2.853,mp-1200805,P222_1
Ba3B6H2O13,-2.904,mp-1199009,Pc
Sr4B14O25,-3.055,mp-559330,Cmc2_1
Cs2Li3(BO2)5,-2.7,mp-966802,C222_1
Ba3Sr4B3O9F5,-3.52,mp-1182538,P6_3mc
Na3B3(HO2)4,-2.224,mp-1203588,Cc
K2Al2B2O7,-3.003,mp-560217,P321
BAsO4,-2.096,mp-11654,P3_121
Ca5B3O9F,-3.39,mp-6632,Cm
Cs3Li4(BO2)7,-2.708,mp-1019615,P3_121
Na3B5(HO5)2,-2.531,mp-722369,Pca2_1
Ba4NaAl2B8(ClO6)3,-3.089,mp-1204585,P4_2nm
RbMgBO3,-2.774,mp-1020633,P2_13
CsNa2Be6(BO3)5,-2.895,mp-866613,C2
AlB5H16(NO7)2,-1.831,mp-1200079,C222_1
KMgBO3,-2.795,mp-1191101,P2_13
B4PbO7,-2.656,mp-9747,Pmn2_1
Rb5Li6(BO2)11,-2.698,mp-1020620,C2
BaBAsO5,-2.637,mp-9784,P3_121
BPPbO5,-2.556,mp-21266,P3_121
KBS4(ClO3)4,-1.868,mp-560423,Cc
Rb2Al2B2O7,-2.988,mp-559284,P2_1/c
Rb2GeB4O9,-2.656,mp-1020707,P2_1
Sr5B3ClO9,-3.23,mp-555203,C222_1
K2B5H5O11,-2.336,mp-707775,Pna2_1
B2Se2O7,-1.914,mp-558521,P2_12_12_1
TlB3O5,-2.594,mp-29155,P2_12_12_1
Ba3Y(BO3)3,-3.304,mp-6310,P6_3cm
Rb3Y2(BO3)3,-3.031,mp-556206,Pna2_1
CsBa(BO2)3,-2.923,mp-556936,P321
SrAl2B2O7,-3.273,mp-15939,R32
K2SrB8(HO)28,-1.944,mp-1198667,Pna2_1
Rb4Ge3B6O17,-2.557,mp-1020896,Cc
BaB8O13,-2.953,mp-27794,P4_122
K2Ga2B2O7,-2.537,mp-561525,P321
Ba5B3BrO9,-3.104,mp-1199246,C222_1
Ba5B3ClO9,-3.172,mp-1201345,C222_1
Ba3Sc(BO3)3,-3.291,mp-14972,P6_3cm
Na4Ga3Ge3B(HO3)4,-1.856,mp-1203580,P-43n
BAsPbO5,-2.083,mp-22430,P3_1
Ba5B4O11,-3.159,mp-3974,P2_12_12_1
Ca10Ge16(B2O17)3,-2.642,mp-1019569,Pba2
K2B4H8O11,-2.117,mp-721901,P2_12_12_1
Ba4NaAl2B8(BrO6)3,-2.996,mp-1197875,P4_2nm
B5Pb2BrO9,-2.513,mp-23623,Pnn2
Sr5B3BrO9,-3.157,mp-560233,C222_1
CaGaBO4,-2.919,mp-557855,Ccc2
Ba3B3Pb2ClO9,-2.772,mp-1195317,C222_1
Ba3B3Pb2BrO9,-2.714,mp-1194742,C222_1
K2LiBO3,-2.356,mp-557632,C2
SnB4O7,-2.625,mp-13252,Pmn2_1
Ba4NaGa2B8(BrO6)3,-2.834,mp-1195423,P4_2nm
B5Pb2IO9,-2.469,mp-1200548,Pnn2
SrGaBO4,-2.91,mp-1197916,P2_12_12_1
TlBO2,-2.204,mp-28244,P4_1
SrBi2B2O7,-2.507,mp-558323,P6_3/m
B6Pb3O11F2,-2.557,mp-1197284,P2_1
RbB6S2(Cl3O2)2,-1.39,mp-1201123,Pna2_1
Ba3BPO7,-3.22,mp-554479,P6_3mc
LiGeBO4,-2.302,mp-549308,Fmm2
Ba2CoGe2O7,-2.523,mp-1190827,P-42_1m
Sr2CoGe2O7,-2.543,mp-1191317,P-42_1m
Na2CoGeO4,-1.952,mp-20161,Pmn2_1
Ba2CuGe2O7,-2.394,mp-22067,P-42_1m
Sr2CuGe2O7,-2.402,mp-17265,P-42_1m
Nd2Cu(GeO4)2,-2.665,mp-558708,Cm
Dy2Be2GeO7,-3.298,mp-20778,P-42_1m
Er2Be2GeO7,-3.301,mp-14420,P-42_1m
Er2Ge2O7,-3.086,mp-13643,P4_12_12
Ba2FeGe2O7,-2.583,mp-1190820,P-42_1m
Gd2Be2GeO7,-3.261,mp-650715,P-42_1m
Gd13Ge6O31F,-3.337,mp-651087,R3
Ho2Ge2O7,-3.079,mp-560082,P4_12_12
Ba2MnGe2O7,-2.627,mp-1192147,P-42_1m
Sr2MnGe2O7,-2.636,mp-22458,P-42_1m
Mn4Be3Ge3SeO12,-2.285,mp-21535,P-43n
Mn4Be3Ge3SO12,-2.325,mp-21616,P-43n
BaNaNd(GeO3)3,-2.643,mp-14353,P2_12_12_1
Na5Nd4Ge4O16F,-2.805,mp-1192544,I-4
Li2NiGe3O8,-2.098,mp-21650,P4_332
Na5Pr4Ge4O16F,-2.794,mp-1192433,I-4
Pr2Be2GeO7,-3.234,mp-14415,P-42_1m
Sm2Be2GeO7,-3.269,mp-14416,P-42_1m
Tb2Ge2O7,-3.066,mp-14649,P4_12_12
Tm2Ge2O7,-3.097,mp-14708,P4_12_12
Rb3U3Ge2O13,-3.009,mp-557381,P-62c
Zr3GeO8,-3.396,mp-27888,I-42m
RbNb(GeO3)3,-2.406,mp-540633,P-6c2
KTa(GeO3)3,-2.493,mp-540631,P-6c2
RbTa(GeO3)3,-2.497,mp-540632,P-6c2
TaTl(GeO3)3,-2.349,mp-540634,P-6c2
K3Nb3Ge2O13,-2.636,mp-541626,P-62m
KTaGeO5,-2.747,mp-14377,Pna2_1
Ga2Ge4Pb3O14,-2.013,mp-636461,P321
GePb3O5,-1.734,mp-559144,P2_1
Ge(Bi3O5)4,-1.708,mp-23352,I23
GeBi2O5,-1.876,mp-23446,Cmc2_1
SrGePbO4,-2.393,mp-1192743,P2_12_12_1
BaGePbO4,-2.359,mp-1192417,P2_12_12_1
Ge3Pb5O11,-1.83,mp-557667,P-6
Ge3(SbO3)4,-1.944,mp-1201722,I-43d
Ge3(BiO3)4,-1.942,mp-23560,I-43d
NaGeSbO5,-2.059,mp-8341,Pna2_1
KGeSbO5,-2.108,mp-14352,Pna2_1
RbGeSbO5,-2.096,mp-6639,Pna2_1
Ba2ZnGe2O7,-2.59,mp-1190949,P-42_1m
Sr2ZnGe2O7,-2.611,mp-17392,P-42_1m
Ca2ZnGe2O7,-2.576,mp-18596,P-42_1m
K2ZnGeO4,-2.043,mp-6386,Pca2_1
Cd2Ge7O16,-2.009,mp-29213,P-4b2
Cd12Ge17(B4O29)2,-2.102,mp-1204954,P-4
Zn2Ge3O8,-2.028,mp-27843,P4_332
Li2Ge2O5,-2.255,mp-7998,Ccc2
LaGeBO5,-3.014,mp-19957,P3_1
Ba3Ga2(Ge2O7)2,-2.539,mp-554139,P321
LaNiSi,-0.702,mp-7030,I4₁md
PrRhGe3,-0.704,mp-13072,I4mm
PtGeSe,-0.708,mp-20817,Pca2_1
SnS2,-0.709,mp-9984,P6₃mc
AlGeLa,-0.713,mp-11511,I4₁md
Li8SeN2,-0.72,mp-973793,I4₁md
CeNiSi,-0.721,mp-20710,I4₁md
MnS,-0.721,mp-2562,P6₃mc
CeRuSi3,-0.723,mp-13120,I4mm
Tl(ClO3),-0.723,mp-29738,R3m
AgCrS2,-0.727,mp-4182,R3m
SeBr4,-0.737,mp-651332,P31c
(N2H5)(Co(NHNH2COO)3)(H2O),-0.741,mp-744002,C1c1
BiCo3(CO)9,-0.745,mp-562048,P6₃mc
(NH4)HgI3(H2O),-0.745,mp-976118,C1c1
CeAuGe,-0.747,mp-4219,P6₃mc
Cu2In2SiS6,-0.752,mp-558055,C1c1
LuAuSn,-0.752,mp-13302,P6₃mc
GaCl3((CH3)3PO),-0.755,mp-1198682,C1c1
Ga2I4,-0.761,mp-570738,R3c
Cu2Cd(SiS4),-0.761,mp-6449,Pmn2_1
LaRhGe3,-0.762,mp-13123,I4mm
(MnIn)GaS4,-0.762,mp-1221817,R3m
Ag2In2SiS6,-0.763,mp-558407,C1c1
K8(B12(BSe3)6),-0.763,mp-680747,C1m1
Cu(CrS2),-0.769,mp-5862,R3m
NaMnSe2,-0.772,mp-10232,P3m1
TmAuSn,-0.781,mp-16741,P6₃mc
Na4As4Se8,-0.784,mp-984519,P1c1
BaAs2,-0.787,mp-31243,P1c1
Ga2Se2Te,-0.788,mp-28423,I4₁md
InN,-0.788,mp-22205,P6₃mc
(C3Cl3S2)(MoOCl4),-0.788,mp-555254,P1c1
LiAsSe2,-0.79,mp-1078724,C1c1
ErAuSn,-0.796,mp-13303,P6₃mc
TiS3,-0.801,mp-559374,R3m
LiMnSe2,-0.803,mp-10231,P3m1
YAuSi,-0.804,mp-9025,P6₃mc
Ag5Pb2O6,-0.807,mp-555565,P31m
DyAuSn,-0.818,mp-31414,P6₃mc
Cd4SiSe6,-0.818,mp-17791,C1c1
HoAuGe,-0.822,mp-5519,P6₃mc
GaSe,-0.827,mp-568263,P6₃mc
TbAuSn,-0.827,mp-31413,P6₃mc
AuDyGe,-0.829,mp-22149,P6₃mc
PrAuSn,-0.83,mp-31412,P6₃mc
NdAuSn,-0.834,mp-5646,P6₃mc
Cs4(Au6S5),-0.845,mp-1104686,P31m
In2ZnS4,-0.848,mp-560262,P6₃mc
Zn(InS2)2,-0.849,mp-560262,P6₃mc
PrPt3B,-0.85,mp-11596,P4mm
In2ZnS4,-0.85,mp-560262,P6₃mc
CdSe,-0.854,mp-1070,P6₃mc
LiAsS2,-0.859,mp-555874,C1c1
NdPt3B,-0.867,mp-11597,P4mm
CdI2,-0.872,mp-28248,P6₃mc
Zn2In2S5,-0.872,mp-560806,P6₃mc
CdI2,-0.872,mp-570089,P6₃mc
CePt3B,-0.876,mp-22435,P4mm
CdS,-0.884,mp-672,P6₃mc
Co(MoS2)2,-0.885,mp-1193597,C1c1
Fe(MoS2)2,-0.89,mp-542189,C1c1
KCu2EuTe4,-0.891,mp-624928,P4mm
TlFeBr3,-0.9,mp-568553,P6₃cm
RbSnS2,-0.913,mp-7795,R3m
K2(Sn2Se4),-0.916,mp-571016,I4cm
PtO2,-0.923,mp-7868,P6₃mc
(NO)(ClF4),-0.931,mp-556500,I4cm
(C(NH2)3)2(PO3F),-0.932,mp-698449,C1m1
AgAlS2,-0.938,mp-7885,P3m1
KSnS2,-0.943,mp-7794,R3m
ZnSe,-0.946,mp-380,P6₃mc
Tl(Nb2(PS4)(S2)3),-0.954,mp-560847,P1c1
PbI2,-0.955,mp-567503,P6₃mc
CdInAlS4,-0.967,mp-1228978,R3m
Lu(ClO4)3,-0.977,mp-29789,R3c
Zn(((OH)CH2)SO2)2,-0.979,mp-698301,C1c1
Tl(IO3),-0.982,mp-22981,R3m
MoSe2,-0.988,mp-7581,R3m
Cd(NO3)2,-0.998,mp-27198,Pca2_1
Tl(CoCl3),-1.01,mp-567430,P6₃cm
CaPtAs,-1.02,mp-28340,I4₁md
K3((Nb2Se2)(Se2)3(AsSe3)),-1.03,mp-542545,C1c1
Cs2Ti2(P2S8)(PS4)2,-1.04,mp-645687,C1c1
H4NF,-1.04,mp-730190,R3c
Cs2Ti2(P2S8)(PS4)2,-1.04,mp-645687,C1c1
Rb3((Nb2Se2)(Se2)3(AsSe3)),-1.04,mp-683902,C1c1
HBr(H2O),-1.05,mp-625509,R3m
Na6(CoSe4),-1.05,mp-3017,P6₃mc
ZnS,-1.06,mp-561286,P6₃mc
Cs3((Nb2Se2)(Se2)3(AsSe3)),-1.06,mp-683903,C1c1
K(BrO3),-1.07,mp-22958,R3m
Rb(BrO3),-1.07,mp-28872,R3m
H4NF,-1.07,mp-23794,P6₃mc
GaMo4S8,-1.08,mp-559694,R3m
Cs(BrO3),-1.08,mp-28873,R3m
Li(BrO4)(H2O)3,-1.08,mp-23985,P6₃mc
(N(CH3)4)Zn(HPO4)(H2PO4),-1.08,mp-849786,P1c1
Cs(Nb2(PS4)(S2)3),-1.09,mp-641699,P1c1
Rb(Nb2(PS4)(S2)3),-1.09,mp-6708,P1c1
K3SbSe4,-1.09,mp-8704,R3c
Na6CoS4,-1.09,mp-5481,P6₃mc
K2S3,-1.09,mp-7667,"
Cmc2_1"
Cs(Nb2(PS4)(S2)3),-1.09,mp-641699,P1c1
EuPtAs,-1.1,mp-20732,I4₁md
Cs(GeI3),-1.1,mp-28377,R3m
K6(CoSe4),-1.1,mp-14795,P6₃mc
Na6(FeS4),-1.1,mp-9266,P6₃mc
((C2H5)NH3)(C2O4)2(Fe2(OH)Cl2)(H2O)2,-1.11,mp-744001,C1c1
K6(CoS4),-1.11,mp-14794,P6₃mc
Rb3(Zr2P5S18),-1.11,mp-561527,C1c1
InCl,-1.12,mp-571636,Cmc2_1
PCl4TeCl5,-1.12,mp-644827,Ima2
Cs3(Zr2P5S18),-1.12,mp-1204981,C1c1
(Fe(C2O4))(CH3OH),-1.13,mp-559328,P1c1
PrIrP,-1.13,mp-12921,I4₁md
(Hg3)3(AsO4)4,-1.13,mp-541164,R3c
TaSe2,-1.13,mp-7834,R3m
RbVI3,-1.13,mp-672346,P6₃cm
Cs3Hf2(P2S7)2(PS4),-1.13,mp-1197320,C1c1
C4H3NaO5,-1.14,mp-1193570,P1c1
KClO3,-1.14,mp-550506,R3m
C4H3NaO5,-1.14,mp-1193570,P1c1
Li2ZnSnS4,-1.15,mp-555186,P1c1
Rb(ClO3),-1.15,mp-23011,R3m
K6HgS4,-1.15,mp-5114,P6₃mc
LaRhAs,-1.16,mp-10956,I4₁md
NbSe2,-1.16,mp-7597,R3m
LiH6ClO7,-1.17,mp-23797,P6₃mc
Nd1Pt1Sb1,-1.17,mp-15839,P6₃mc
NdPtSb,-1.17,mp-15839,P6₃mc
RbInI4,-1.18,mp-28198,R3c
NdPdAs,-1.18,mp-8950,P6₃mc
SmPdAs,-1.18,mp-8951,P6₃mc
K2(Ni(NO3)4),-1.19,mp-556059,C1c1
K6Fe2O5,-1.19,mp-36915,C1m1
Na6(MnS4),-1.19,mp-5055,P6₃mc
K2(Ni(NO3)4),-1.19,mp-556059,C1c1
K6Fe2O5,-1.19,mp-36915,C1m1
LaIrP,-1.2,mp-12919,I4₁md
MoS2,-1.2,mp-1434,R3m
CeIrP,-1.21,mp-12920,I4₁md
Na(OCN),-1.21,mp-546500,R3m
Li(N2H5)(SO4),-1.21,mp-504426,Pna2_1
RbTiI3,-1.22,mp-27812,P6₃cm
Na6ZnS4,-1.22,mp-8389,P6₃mc
MgAl2Se4,-1.23,mp-9479,R3̅m
La14(C2)7Cl9,-1.25,mp-570240,P1c1
BaBi2O2I2,-1.26,mp-1228023,I4mm
Cs2(W6Cl8Br6),-1.26,mp-582076,P31c
Tl10Sb2O10,-1.26,mp-27220,Cmc2_1
((NH3)4Ru(SO2)(CF3COO))(CF3COO)(CF3COOH),-1.26,mp-1203926,C1c1
Ba(B2S4),-1.27,mp-30126,C1c1
Ta4S9Br8,-1.28,mp-559724,I4mm
H2O,-1.28,mp-673658,Cmc2_1
CoO,-1.28,mp-19128,P6₃mc
CdBr2,-1.29,mp-27934,P6₃mc
Li6(PS4)(SI),-1.3,mp-950995,C1c1
Si3N4,-1.3,mp-2245,P31c
Cu6Al(SO4)(OH)12Cl(H2O)3,-1.31,mp-1201631,P31c
BN,-1.32,mp-2653,P6₃mc
Ba3Fe3Se7,-1.32,mp-567429,P6₃mc
LiMnH6O7,-1.32,mp-23785,P6₃mc
BN,-1.32,mp-13150,R3m
(Mn(NH2(CH2PO3H)(CH2PO3)))(H2O),-1.32,mp-1204234,C1c1
(SnCl4(H2O)2)(H2O)2,-1.32,mp-1198797,C1c1
N10Si7Sr1,-1.32,mp-570598,P1c1
Pb2Cu(OH)4Cl2,-1.33,mp-643378,P4mm
Ca(IO3)2(H2O)6,-1.34,mp-758253,Fdd2
NbS2,-1.35,mp-966,R3m
Fe2(SeO3)3(H2O)3,-1.35,mp-1178328,R3c
K6CdO4,-1.35,mp-17161,P6₃mc
Ag8W4O16,-1.35,mp-637188,Pnn2
PrAlGe,-0.683,mp-10450,I4₁md
CoO2,-0.425,mp-1062643,Fmm2
BaPdGe3,-0.57,mp-1068447,I4mm
SrNiSi3,-0.407,mp-1069139,I4mm
BaIrGe3,-0.525,mp-1069708,I4mm
BaPdSi3,-0.436,mp-1070137,I4mm
BaRhGe3,-0.563,mp-1070247,I4mm
InSe,-0.176,mp-1079260,P6̅m2
Nd7Ni3,-0.198,mp-1105619,P6₃mc
AgCeGe,-0.506,mp-11215,P6₃mc
LiBeSb,-0.308,mp-1172873,R3m
GaN,-0.368,mp-1181864,P6₃mc
GaN,-0.657,mp-1181864,P6₃mc
Li8TeN2,-0.677,mp-1190809,I4₁md
LaNi5H7,-0.321,mp-1192500,P31c
K(HC(NO)2)(OC2H4)6,-0.442,mp-1196190,P1c1
(NH4)CS2(NH2),-0.384,mp-1197136,Pca2_1
((CH3)2NH2)3(Sb2Cl9),-0.594,mp-1198102,P1c1
CH2(AsCl2)2,-0.692,mp-1198214,C1c1
CH2(AsCl2)2,-0.692,mp-1198214,C1c1
((CH3)4N)(Ag(Se5)),-0.231,mp-1200633,C1c1
(Y(CO(NH(CH3))2)3)(NO3)3,-0.651,mp-1201093,C1c1
(C(NH2)2(NHOH))(N3O4),-0.423,mp-1203136,P1c1
(N2H5)4Ge2Se6,-0.349,mp-1205224,I4₁cd
(LiMo)N2,-0.672,mp-1211056,R3m
SrAuIn3,-0.419,mp-1218236,I4mm
CuH,0.0486,mp-1225705,P3̅m1
AuCd,-0.16,mp-1226718,P6̅m2
NNaSn,-0.202,mp-12433,P6₃mc
AuErGe,-0.575,mp-12563,P6₃mc
SmCuSn,-0.599,mp-12791,P6₃mc
SmAlSi,-0.634,mp-12804,I4₁md
CeRhGe3,-0.689,mp-13121,I4mm
CeIrGe3,-0.656,mp-13122,I4mm
LaAgPb,-0.503,mp-13406,P6₃mc
CeAgPb,-0.353,mp-13407,P6₃mc
NdCoGe3,-0.567,mp-14625,I4mm
CrWN2,-0.466,mp-15226,R3m
NiS,-0.521,mp-1547,R3m
NiS,-0.611,mp-1547,R3m
NiSe,-0.523,mp-15651,R3m
HoCuPb,-0.38,mp-16750,P6₃mc
ErCuPb,-0.371,mp-16751,P6₃mc
LuCuPb,-0.332,mp-16753,P6₃mc
Cs2Hg6S7,-0.631,mp-17905,P4₂nm
Hg4SiS6,-0.538,mp-17948,C1c1
Fe3Th7,-0.123,mp-18014,P6₃mc
LiSnTm,-0.624,mp-18189,P6₃mc
Hg4SiSe6C1c1,-0.513,mp-18230,C1c1
Ni5P4,-0.477,mp-1920,P6₃mc
PrAgPb,-0.461,mp-19712,P6₃mc
LaFeGe3,-0.53,mp-19743,I4mm
CoGe3La,-0.618,mp-19973,I4mm
TiCuSn,-0.222,mp-19983,P6₃mc
TbCuPb,-0.397,mp-20290,P6₃mc
AgLaGe,-0.646,mp-20568,P6₃mc
SmCuPb,-0.405,mp-20637,P6₃mc
TmCuPb,-0.357,mp-20663,P6₃mc
CeFeGe3,-0.505,mp-20722,I4mm
LiPdSi3,0.0661,mp-20747,I4mm
NdCuSn,-0.587,mp-20774,P6₃mc
InN,-0.0788,mp-20812,Fm3̅m
CuPbY,-0.405,mp-20865,P6₃mc
NdAgPb,-0.457,mp-20880,P6₃mc
CeCoGe3,-0.577,mp-21116,I4mm
DyAgSn,-0.593,mp-21198,P6₃mc
GdCuSn,-0.597,mp-21436,P6₃mc
HfCoGa2,-0.511,mp-21660,I4mm
DyCuSn,-0.602,mp-22188,P6₃mc
BaPtGe3,-0.632,mp-22346,I4mm
CeCuSn,-0.478,mp-22683,P6₃mc
BiTeI,-0.67,mp-22965,P3m1
(Os(NO)(NH3)4Cl)Cl2,-0.7,mp-24461,I4mm
Au2O3,-0.459,mp-27253,Fdd2
Be(BH4)2,-0.244,mp-27344,I4₁cd
Li5NaSn4,-0.256,mp-27368,R3m
Pb9As4S15,-0.573,mp-27594,R3m
Sr6(Cu2N3)(CuN2),-0.615,mp-29136,P4₂mc
Au(CN),0.251,mp-29196,P6mm
CuAsSe2,-0.262,mp-29643,R3m
Si3Ir,0.119,mp-29663,P6₃/mmc
Tl(BrO3),-0.662,mp-29798,R3m
CNI,0.284,mp-30068,R3m
Al51Ca4Cr7,-0.167,mp-30174,P3̅m1
HfNiGa2,-0.542,mp-30269,I4mm
Au3Sr7,-0.535,mp-30422,P6₃mc
CaLiSn,-0.561,mp-30477,P3m1
SmAlGe,-0.665,mp-3077,I4₁md
LuMn5,0.176,mp-30770,P6₃mc
Ni3Th7,-0.278,mp-30809,P6₃mc
CaSnZn,-0.517,mp-31160,P6₃mc
Ce7Ru3,-0.273,mp-31164,P6₃mc
Ga9Rh2,-0.345,mp-31312,P1c1
Ba5In4Bi5,-0.664,mp-31407,P4nc
CeAgSn,-0.466,mp-31420,P6₃mc
PrAgSn,-0.621,mp-31421,P6₃mc
TbAgSn,-0.604,mp-31422,P6₃mc
TbAgPb,-0.417,mp-31447,P6₃mc
HoAgPb,-0.389,mp-31449,P6₃mc
KSnAs,-0.396,mp-3481,P6₃mc
KSnSb,-0.398,mp-3486,P6₃mc
AgCrSe2,-0.599,mp-3532,R3m
HoAgSn,-0.582,mp-4311,P6₃mc
NdAgSn,-0.622,mp-4808,P6₃mc
Pr8Ga3Co,-0.312,mp-504742,P6₃mc
LiYSn,-0.679,mp-504790,P6₃mc
NaCu3Te2,-0.349,mp-504928,R3m
DyAgPb,-0.403,mp-510687,P6₃mc
Ag3(AsSe3),-0.297,mp-5145,R3c
(SbI3)(S8)3,-0.52,mp-540656,R3m
Tm8Ga3Co,-0.424,mp-540856,P6₃mc
Ag4Hg(Ge2S7),-0.467,mp-542199,C1c1
Ag4Cd(Ge2S7),-0.538,mp-542200,C1c1
(TeCl4)(S4N4),-0.201,mp-554646,C1c1
Cu6GeWS8,-0.642,mp-557225,P7₃mc
Cu(NCS),-0.0597,mp-559044,P6₃mc
S3N5PF2,-0.389,mp-559593,R3m
CrI2,-0.583,mp-567687,Cmc2_1
Zr2Al3C4,-0.0642,mp-567770,P6₃mc
Sc(AlC)3,-0.346,mp-568400,P6₃mc
Re4Si7,-0.287,mp-568595,C1m1
SiC,-0.203,mp-568619,P3m1
((CH3)3NH)3(Mn2Cl7),-0.483,mp-568698,P6₃mc
Al7(CN)3,-0.684,mp-569102,P6₃mc
CuI,-0.359,mp-569346,P6₃mc
ErAgSn,-0.569,mp-569724,P6₃mc
Al5C3N,-0.375,mp-570079,P6₃mc
Cu8GeSe6,-0.296,mp-570393,P6₃cm
C3N4,0.147,mp-570572,R3m
Cu4Sm2Sn5,-0.244,mp-570702,I4mm
SmAgPb,-0.446,mp-570855,P6₃mc
LaFe5H7,-0.179,mp-570943,P6₃mc
Th7Ir3,-0.663,mp-571094,P6₃mc
YAgSn,-0.612,mp-5729,P6₃mc
Cu3(PSe4),-0.376,mp-5756,Pmn2_1
Cs2(Zn(N3)4),-0.21,mp-579919,Pca2_1
AgI,-0.449,mp-580941,P6₃mc
AgI,-0.495,mp-580941,P6₃mc
FeS,-0.485,mp-616476,P6₃mc
Cu7Te4,-0.0555,mp-624307,P3m1
PrPdIn2,-0.635,mp-637427,I4mm
Ag2In2SiSe6,-0.676,mp-640614,C1c1
Li(BH4),-0.403,mp-644223,P6₃mc
Ag3NSeO3,-0.325,mp-6476,R3c
C(CN)4,0.565,mp-651723,R3c
K3Cu(CN)4,-0.36,mp-6610,R3c
Co,0.118,mp-669382,P6₃mc
Pd8Sb3,-0.297,mp-669525,R3c
GeTe,-0.303,mp-672698,Pm3̅m
K3(Co(CN)6),-0.289,mp-680180,Pbcn
Ta21Te13,-0.413,mp-680343,P6mm
Zn3As2,-0.146,mp-680580,P4₂/nbc
ScAuSn,-0.692,mp-6919,P6₃mc
Cs3((BH2)6S4)Br,-0.7,mp-695929,P6₃mc
NH3BH2CN,-0.388,mp-696210,Pna2_1
((CH3)CO(NH2)),-0.56,mp-697242,R3c
(NH4)(ClO4),-0.646,mp-698084,Pna2_1
K3(VO(CN)5),-0.471,mp-705009,Pna2_1
((CH3)3NH)3(Sb2Cl9),-0.502,mp-709030,P1c1
Ag8(SiS4)S2,-0.397,mp-7614,Pna2_1
Tl3(AsSe3),-0.517,mp-7684,R3m
LiGaGe,-0.267,mp-7874,P6₃mc
Ag(NO3),-0.653,mp-8196,R3m
Tl3SbS3,-0.554,mp-8393,R3m
Sb2TeSe2,-0.498,mp-8612,R3m
AlP,-0.605,mp-8880,P6₃mc
AlAs,-0.478,mp-8881,P6₃mc
GaP,-0.399,mp-8882,P6₃mc
GaAs,-0.338,mp-8883,P6₃mc
ZnTe,-0.679,mp-8884,P6₃mc
Na6(WP4),-0.408,mp-9007,P6₃mc
Ni5As2,-0.24,mp-941,P6₃cm
C3N4,0.299,mp-9410,P32c
LiZnSb,-0.43,mp-9919,P6₃mc
MoN,-0.547,mp-999503,P6₃mc
LiGaSe2,-0.911,mp-11582,Pna2_1
Zn2NCl,-0.713,mp-1189171,Pna2_1
CaP2Xe5F22,-2.027,mp-557352,Pna2_1
KCrPO4F,-2.768,mp-19498,Pna2_1
CdAg2GeS4,-0.677,mp-1197203,Pna2_1
Li7H5N4,-0.648,mp-1200910,Pna2_1
SrP11H28N9,-0.475,mp-1198273,Pna2_1
In2Si2Pb2O9,-2.411,mp-542840,Pna2_1
KTiPO5,-3.061,mp-1198407,Pna2_1
BaAlH5,-0.434,mp-644097,Pna2_1
LiPPbO4,-2.511,mp-22694,Pna2_1
NaGaO2,-2.232,mp-3338,Pna2_1
KDy(SeO4)2,-2.024,mp-555816,Pna2_1
RbGeSbO5,-2.096,mp-6639,Pna2_1
K4VP2S9,-1.271,mp-556552,Pna2_1
SO3,-1.755,mp-2414,Pna2_1
NaNd4I7N2,-1.531,mp-568759,Pna2_1
NaNdSiO4,-3.301,mp-13774,Pna2_1
BeSiN2,-1.413,mp-7913,Pna2_1
CsGeB3O7,-2.657,mp-558804,Pna2_1
LiGaO2,-2.387,mp-5854,Pna2_1
ZnH3CNO3,-1.324,mp-722315,Pna2_1
RbSbS(O2F)2,-2.376,mp-554732,Pna2_1
LiInS2,-1.265,mp-1188392,Pna2_1
AsF3,-2.499,mp-28027,Pna2_1
